District,Division,Area,Club Number,Club Name,Club Status,Mem. Base,Active Members,Goals Met,Level 1s,Level 2s,Add. Level 2s,Level 3s,"Level 4s, Level 5s, or DTM award","Add. Level 4s, Level 5s, or DTM award",New Members,Add. New Members,Off. Trained Round 1,Off. Trained Round 2,Mem. dues on time Oct,Mem. dues on time Apr,Off. List On Time,Club Distinguished Status,date_updated,source 
98,0D,0A,7877736,PIMA Toastmasters Club,Active,35,35,1,0,0,0,0,0,0,0,0,0,0,1,1,1,,05-04-21,TMI
98,A,1,2472534,Amdavad Toastmasters Club,Active,48,54,7,6,2,0,1,1,0,4,20,7,7,1,1,2,,05-04-21,TMI
98,A,1,6931486,Heritage City Toastmasters Club,Active,25,33,10,7,2,2,2,1,1,4,14,7,7,1,1,1,,05-04-21,TMI
98,A,1,7709614,CorpOrate Toastmasters Club,Active,20,21,5,8,2,3,0,0,0,4,2,7,7,1,1,0,,05-04-21,TMI
98,A,1,7876919,Cadence Ahmedabad Fortune Toastmasters Club,Active,20,0,1,0,0,0,0,0,0,0,0,0,0,1,1,1,,05-04-21,TMI
98,A,2,5306488,Vadodara Toastmasters Club,Active,30,48,10,5,2,2,8,1,4,4,22,7,7,1,1,2,,05-04-21,TMI
98,A,2,6090393,Toastmasters Club of Allscripts Vadodara,Active,17,21,9,5,2,0,3,1,8,4,4,7,7,1,1,2,,05-04-21,TMI
98,A,2,6886178,Apidel Toastmasters Club,Suspended,0,0,0,0,0,0,0,0,0,0,0,0,0,0,0,0,,05-04-21,TMI
98,A,2,6886272,Toastmasters Club of Baroda (TCB),Active,25,32,10,9,2,8,7,1,7,4,12,7,7,1,1,2,,05-04-21,TMI
98,A,2,7842705,Vatt Thi Gujarati Toastmasters Club,Active,20,14,2,0,0,0,0,0,0,1,0,0,4,1,1,1,,05-04-21,TMI
98,A,2,7854559,Investis Digital India,Active,20,20,2,0,0,0,0,0,0,0,0,0,7,1,1,1,,05-04-21,TMI
98,A,3,2180628,Swami Vivekanand Toastmasters Club,Active,13,19,9,6,2,0,2,1,2,4,9,5,5,1,1,1,,05-04-21,TMI
98,A,3,2621397,ISC Bhopal Toastmasters International Club,Active,21,12,1,1,1,0,0,0,0,3,0,6,0,1,0,1,,05-04-21,TMI
98,A,3,7240051,Bhopal Toastmasters Club,Active,16,26,10,6,2,2,2,1,3,4,16,7,7,1,1,2,,05-04-21,TMI
98,A,3,7525513,Samvaad Toastmasters Club,Active,8,12,3,1,0,0,0,0,0,4,4,4,5,1,0,0,,05-04-21,TMI
98,A,3,7730165,Gwalior Toastmasters Club,Ineligible,11,2,0,0,0,0,0,0,0,1,0,7,0,0,0,1,,05-04-21,TMI
98,A,4,2587096,Transcendence,Active,21,34,10,7,2,5,3,1,2,4,14,7,7,1,1,2,,05-04-21,TMI
98,A,4,6692382,Impact Toastmasters Club,Active,16,21,9,4,2,0,3,1,1,4,10,6,4,1,1,2,,05-04-21,TMI
98,A,4,6977979,TCS Maitree Toastmasters Club Indore,Active,26,23,10,5,2,2,2,1,2,4,11,7,7,1,1,2,,05-04-21,TMI
98,A,4,7235362,Avantika Toastmasters Club,Active,19,20,7,9,2,2,1,0,0,4,4,7,7,1,1,1,,05-04-21,TMI
98,A,4,7691809,Beyond Key Toastmasters Club,Ineligible,8,0,1,1,0,0,0,0,0,4,1,0,0,0,0,0,,05-04-21,TMI
98,A,4,7806306,InfoBeans Toastmasters Club,Active,21,18,1,0,0,0,0,0,0,3,0,0,4,0,1,1,,05-04-21,TMI
98,A,5,3220784,TCS BE@T Gandhinagar,Active,42,37,10,11,2,3,4,1,4,4,17,7,7,1,1,2,,05-04-21,TMI
98,A,5,6839027,TCS KALPAK TOASTMASTERS CLUB,Active,18,10,2,1,0,0,0,0,0,1,0,7,7,1,1,2,,05-04-21,TMI
98,A,5,7636059,Gandhinagar Toastmasters Club,Active,21,23,7,6,2,1,1,1,0,4,9,7,7,1,1,2,,05-04-21,TMI
98,B,1,1135184,Bombay Toastmasters,Active,43,50,10,10,2,3,5,1,3,4,12,7,7,1,1,1,,05-04-21,TMI
98,B,1,2854357,Eminent Toastmasters Club,Active,41,44,10,7,2,5,6,1,5,4,13,7,7,1,1,2,,05-04-21,TMI
98,B,1,4297290,NMIMS Mumbai Toastmasters Club (NMTC),Active,9,25,3,0,0,0,0,0,0,4,25,7,2,1,1,1,,05-04-21,TMI
98,B,1,7770358,Leaders Connect Toastmasters Club,Active,24,25,6,3,2,0,1,1,0,4,5,7,7,1,1,2,,05-04-21,TMI
98,B,2,1447379,Mahindra Toastmasters Club,Active,21,22,8,4,2,4,3,0,0,4,5,7,7,1,1,1,,05-04-21,TMI
98,B,2,5235362,DB Mumbai Toastmasters Club,Active,8,10,2,0,0,0,0,0,0,4,5,7,0,0,0,1,,05-04-21,TMI
98,B,2,6786470,Chatterati Toastmasters Club,Active,41,35,9,7,2,1,4,1,1,4,10,7,7,1,1,2,,05-04-21,TMI
98,B,2,7770363,Articulators,Active,21,31,8,4,2,1,0,1,1,4,13,7,7,1,1,2,,05-04-21,TMI
98,B,2,7840662,Mumbai Speakers Toastmasters Club,Active,20,20,2,0,0,0,0,0,0,0,0,0,7,1,1,1,,05-04-21,TMI
98,B,2,7854983,VJTI Toastmasters Club,Active,20,18,2,0,0,0,0,0,0,0,0,0,5,1,1,1,,05-04-21,TMI
98,B,3,2543055,Tech Talkers,Active,50,50,6,4,2,0,0,0,0,4,27,7,7,1,1,2,,05-04-21,TMI
98,B,3,4002291,Oracle Mumbai,Active,17,15,6,0,2,0,1,1,1,4,2,7,7,1,1,2,,05-04-21,TMI
98,B,3,4764536,JPMC Malad Toastmasters,Active,20,20,9,7,2,2,3,1,1,4,0,7,7,1,1,2,,05-04-21,TMI
98,B,3,7726190,Goregaon Speakers Community Toastmasters-(GSC Toastmasters),Active,29,27,10,8,2,4,3,1,2,4,9,7,7,1,1,2,,05-04-21,TMI
98,B,3,7851177,Spirit of Women Toastmasters Club,Active,20,20,2,0,0,0,0,0,0,1,0,0,7,1,1,1,,05-04-21,TMI
98,B,4,3349716,Powai Toastmasters Club,Active,23,17,4,0,0,0,0,0,0,4,4,7,4,1,1,1,,05-04-21,TMI
98,B,4,6649866,TYHO SDA Bocconi,Active,8,34,10,19,2,2,7,1,15,4,51,7,4,1,1,2,,05-04-21,TMI
98,B,4,7297859,CRISIL Toastmasters,Active,35,23,5,4,2,0,0,0,0,4,4,7,5,0,0,1,,05-04-21,TMI
98,B,4,7581427,Teradata Mumbai Toastmasters Club,Active,30,33,3,1,0,0,1,0,0,4,2,7,7,1,1,1,,05-04-21,TMI
98,B,5,2017514,General Mills India Toastmasters Club,Active,29,26,5,6,2,0,0,0,0,4,5,7,6,0,0,1,,05-04-21,TMI
98,B,5,2798803,NITIE Toastmasters Club,Active,8,17,5,4,1,0,0,0,0,4,8,7,7,1,1,2,,05-04-21,TMI
98,B,5,4764579,JPMC Powai Toastmasters,Active,21,18,7,4,2,2,2,1,0,3,0,7,7,1,1,2,,05-04-21,TMI
98,B,5,6578723,Schindler Toastmasters Powai (STM Powai),Active,21,22,5,0,2,0,2,0,0,4,1,7,6,1,1,1,,05-04-21,TMI
98,B,5,7854767,Eloquent Elites,Active,29,31,1,0,0,0,0,0,0,2,0,0,0,1,1,1,,05-04-21,TMI
98,C,1,2645684,Emerson Innovation Center-Pune Toastmasters Club,Active,14,9,4,5,2,1,0,1,0,0,0,7,2,1,0,1,,05-04-21,TMI
98,C,1,4167410,TCS Maitree Toastmasters Club Pune,Active,50,57,10,9,2,3,3,1,4,4,21,7,7,1,1,2,,05-04-21,TMI
98,C,1,7030730,Wakad Toastmasters Club,Active,33,32,10,7,2,4,5,1,6,4,12,7,7,1,1,2,,05-04-21,TMI
98,C,1,7051977,RA Pune Toastmasters Club,Ineligible,0,0,0,0,0,0,0,0,0,0,0,0,0,0,0,0,,05-04-21,TMI
98,C,1,7764009,Capgemini  Ikigai Toastmasters Club,Active,21,22,8,6,2,0,1,1,1,4,9,7,4,1,1,2,,05-04-21,TMI
98,C,1,7860939,Emerson ISV Toastmasters Club,Active,29,30,2,0,0,0,0,0,0,1,0,0,5,1,1,1,,05-04-21,TMI
98,C,2,776544,Genesis Toastmasters Club,Active,11,14,5,5,2,1,2,0,0,4,2,7,0,1,0,1,,05-04-21,TMI
98,C,2,5297378,Barclays Pune 2 Toastmasters,Active,26,25,10,11,2,4,2,1,2,4,4,7,7,1,1,2,,05-04-21,TMI
98,C,2,5506714,Baner Toastmasters Club,Active,33,37,10,9,2,4,4,1,5,4,10,7,7,1,1,2,,05-04-21,TMI
98,C,2,6786792,WIPRO Rendezvous Toastmasters Club of Pune,Active,11,9,3,0,2,0,0,0,0,4,1,7,4,0,0,0,,05-04-21,TMI
98,C,3,6097544,Toastmasters for Pune Entrepreneurs,Active,34,26,10,5,2,5,6,1,5,4,4,7,7,1,1,2,,05-04-21,TMI
98,C,3,6933610,Birlasoft Toastmasters Club Pune,Active,20,18,6,4,0,0,0,1,2,4,2,7,5,1,0,2,,05-04-21,TMI
98,C,3,7239392,Aundh Toastmasters Club,Active,26,26,9,11,2,2,1,1,1,4,6,7,7,1,1,2,,05-04-21,TMI
98,C,3,7431038,STS Pune Toastmasters Club,Active,7,13,7,4,2,0,2,1,0,4,2,7,5,1,0,1,,05-04-21,TMI
98,C,4,916446,Infosys Pune Toastmasters Club,Active,28,29,6,4,2,1,1,0,0,4,6,7,7,1,1,2,,05-04-21,TMI
98,C,4,4421153,Toastmasters Club of Pune North West,Active,42,39,10,11,2,5,5,1,4,4,7,7,7,1,1,2,,05-04-21,TMI
98,C,4,7390011,SISW Pune Toastmasters Club,Ineligible,0,0,0,0,0,0,0,0,0,0,0,0,0,0,0,0,,05-04-21,TMI
98,C,4,7632324,Eaton Toastmasters Collaboration Club,Active,8,9,5,5,2,0,0,0,0,4,10,7,7,0,0,1,,05-04-21,TMI
98,C,5,5965350,Pimpri Toastmasters Club,Active,29,36,10,9,2,8,4,1,5,4,13,7,7,1,1,2,,05-04-21,TMI
98,C,5,6601517,ATLAS COPCO PUNE TOASTMASTERS CLUB,Active,17,14,9,6,2,5,5,1,9,4,2,7,4,1,0,1,,05-04-21,TMI
98,C,5,7229711,JCB Pune Toastmasters Club,Ineligible,0,0,0,0,0,0,0,0,0,0,0,0,0,0,0,0,,05-04-21,TMI
98,C,5,7683449,Toastmasters of Mediaocean,Active,27,13,7,15,2,2,2,1,0,1,0,7,7,1,1,2,,05-04-21,TMI
98,D,1,2383421,ZS Toastmasters Club,Ineligible,12,2,0,0,0,0,0,0,0,0,0,7,0,0,0,0,,05-04-21,TMI
98,D,1,5144305,Barclays Pune Toastmasters Club,Active,25,21,6,1,2,0,1,1,2,4,2,7,5,1,1,2,,05-04-21,TMI
98,D,1,7289566,Expedition Toastmasters Pune,Active,12,21,3,1,0,0,0,0,0,4,6,7,7,1,1,0,,05-04-21,TMI
98,D,1,7709657,Baramati Toastmasters Club,Ineligible,20,4,1,0,0,0,0,0,0,2,0,7,4,0,0,0,,05-04-21,TMI
98,D,2,2187981,John Deere Pune Toastmasters Club,Active,39,30,10,14,2,5,7,1,11,4,4,7,7,1,1,2,,05-04-21,TMI
98,D,2,6604804,Bibvewadi Toastmasters Club,Active,20,20,9,4,2,3,3,1,2,4,3,7,6,1,1,2,,05-04-21,TMI
98,D,2,7483153,Eaton Innovators Club,Ineligible,0,0,0,0,0,0,0,0,0,0,0,0,0,0,0,0,,05-04-21,TMI
98,D,2,7752570,Clarion Toastmasters Club,Active,20,20,5,4,0,0,0,0,0,4,4,7,7,1,1,1,,05-04-21,TMI
98,D,3,5742252,"Toastmasters Club of Zensar, Pune",Low,11,6,3,4,0,0,0,0,0,4,1,7,7,0,0,2,,05-04-21,TMI
98,D,3,5749190,BNY Mellon Technology Pune Toastmasters Club,Active,10,13,4,0,0,0,0,0,0,4,5,7,7,1,0,2,,05-04-21,TMI
98,D,3,6691907,"RISE Toastmasters Club, Magarpatta",Active,23,26,8,3,2,0,4,1,5,4,7,7,7,1,1,2,,05-04-21,TMI
98,D,3,7327561,Teradata Pune Toastmasters Club,Active,29,31,10,7,2,2,5,1,7,4,9,7,7,1,1,1,,05-04-21,TMI
98,D,3,7850267,Backpackers Toastmasters Club,Active,20,23,6,3,1,0,2,1,1,4,1,0,7,1,1,1,,05-04-21,TMI
98,D,4,1813871,ADP Pune Toastmasters,Active,25,25,9,5,2,2,2,1,2,4,1,7,7,1,1,2,,05-04-21,TMI
98,D,4,6006628,Allstate Toastmasters Club Pune,Active,17,17,7,5,2,0,2,1,0,4,4,7,6,0,0,2,,05-04-21,TMI
98,D,4,6894572,Accenture Pune Toastmasters Club - Magarpatta,Ineligible,8,0,0,2,1,0,0,0,0,1,0,7,0,0,0,0,,05-04-21,TMI
98,D,4,6958921,"Srujan Hindi Toastmasters Club, Pune",Active,17,9,3,0,0,0,0,1,0,1,0,7,4,1,1,1,,05-04-21,TMI
98,D,4,7780150,Wonders of Women Toastmasters Club,Active,24,24,7,7,2,1,2,1,1,4,0,7,2,1,1,2,,05-04-21,TMI
98,D,5,1543586,Toastmasters Club of Pune South East,Active,52,51,10,6,2,8,3,1,6,4,14,7,7,1,1,2,,05-04-21,TMI
98,D,5,3499545,Toastmasters Club of Amdocs,Ineligible,0,0,0,0,0,0,0,0,0,0,0,0,0,0,0,0,,05-04-21,TMI
98,D,5,6783469,BNYMellon - Magarpatta,Active,13,23,6,0,1,0,1,1,2,4,11,7,7,1,0,1,,05-04-21,TMI
98,D,5,7709645,E3 Ecolab Toastmasters Club,Active,36,15,4,2,0,0,0,0,0,4,5,7,6,1,1,1,,05-04-21,TMI
98,E,1,1272701,Elan Toastmasters Hyderabad,Active,30,26,9,7,2,6,5,1,1,4,0,7,6,1,1,1,,05-04-21,TMI
98,E,1,1390103,Microsoft Hyderabad Toastmasters ,Active,19,20,4,2,2,0,1,0,0,4,2,7,6,1,1,1,,05-04-21,TMI
98,E,1,2694327,Chaitanya Bharathi Institute of Technology,Active,3,10,3,0,0,0,0,0,0,4,4,0,0,0,1,1,,05-04-21,TMI
98,E,1,3743725,Ben's Toastmasters,Ineligible,8,0,0,0,0,0,0,0,0,0,0,4,0,0,0,1,,05-04-21,TMI
98,E,1,7799944,SLIC Toastmasters,Active,20,33,6,5,2,0,1,0,0,4,9,5,4,1,1,1,,05-04-21,TMI
98,E,1,7847230,Spoorthy Telugu Toastmasters,Active,24,28,4,2,1,0,0,1,0,4,0,0,7,1,1,1,,05-04-21,TMI
98,E,2,946002,Hyderabad Toastmasters,Active,45,47,9,3,2,3,3,1,4,4,4,7,6,1,1,1,,05-04-21,TMI
98,E,2,1041988,Synopsys Hyderabad Toastmasters,Active,10,15,3,0,0,0,0,0,0,4,1,4,4,1,1,1,,05-04-21,TMI
98,E,2,4504233,Techmahindra Toastmasters Club (Infocity),Active,12,11,4,4,0,0,0,1,0,3,0,7,5,1,0,2,,05-04-21,TMI
98,E,2,6623002,TCS HYD Maitree Kohinoor Park Toastmasters Club,Active,11,9,6,1,2,0,1,1,1,4,2,6,4,1,0,2,,05-04-21,TMI
98,E,2,7533654,StoryDellers,Active,25,11,5,6,2,2,0,0,0,2,0,6,6,1,1,1,,05-04-21,TMI
98,E,3,2660168,TCS Waverock Hyderabad Toastmasters,Ineligible,0,0,0,0,0,0,0,0,0,0,0,0,0,0,0,0,,05-04-21,TMI
98,E,3,2669965,"Infosys Toastmasters, Hyderabad Prakriti",Active,20,19,6,3,1,0,1,1,1,4,7,6,7,1,1,2,,05-04-21,TMI
98,E,3,3265856,Xilinx India Toastmasters Club,Ineligible,0,0,0,0,0,0,0,0,0,0,0,0,0,0,0,0,,05-04-21,TMI
98,E,3,6662202,TCS Maitree Adibatla Toastmasters Club,Active,25,29,9,5,2,5,2,1,0,4,8,7,5,1,1,2,,05-04-21,TMI
98,E,3,7308980,ANURAG Toastmasters,Active,12,9,5,8,2,0,2,0,0,1,0,5,4,1,1,1,,05-04-21,TMI
98,E,3,7681349,GH ReveRB,Ineligible,22,0,0,0,0,0,0,0,0,0,0,7,0,0,0,1,,05-04-21,TMI
98,E,4,2221384,Invesco India Toastmasters Club,Active,20,21,4,1,2,0,0,0,0,4,1,7,5,1,1,1,,05-04-21,TMI
98,E,4,4800980,Stagecoach Hyderabad Toastmasters,Active,21,25,7,5,2,2,0,0,0,4,4,7,6,1,1,1,,05-04-21,TMI
98,E,4,7166006,SRIT Anantapur Toastmasters Club,Ineligible,0,0,0,0,0,0,0,0,0,0,0,0,0,0,0,0,,05-04-21,TMI
98,E,4,7709596,RG Titans,Ineligible,20,0,1,3,2,0,0,0,0,0,0,7,0,0,0,1,,05-04-21,TMI
98,E,4,7833894,Toastmasters For Hyderabad Entrepreneurs,Active,20,27,10,12,2,2,4,1,10,4,6,0,7,1,1,1,,05-04-21,TMI
98,F,1,1431155,Broadridge Toastmasters Club,Active,20,20,3,1,1,0,0,0,0,4,0,7,5,0,1,1,,05-04-21,TMI
98,F,1,1530783,Madhapur Toastmasters,Active,21,22,9,6,2,2,4,1,4,4,1,7,6,1,1,1,,05-04-21,TMI
98,F,1,4731654,JPMC Hyderabad Toastmasters,Active,20,16,4,1,0,0,0,1,0,4,1,7,7,1,1,2,,05-04-21,TMI
98,F,1,6779917,Pega Toastmasters Club,Low,23,5,1,0,0,0,0,0,0,4,0,5,0,0,0,1,,05-04-21,TMI
98,F,1,7446896,Informatica iDiction Toastmasters Club,Ineligible,2,0,0,0,0,0,0,0,0,0,0,0,0,0,0,0,,05-04-21,TMI
98,F,2,1340464,TCS Maitree Hyderabad Toastmasters Club,Active,20,14,2,1,0,0,0,0,0,1,0,7,6,1,1,2,,05-04-21,TMI
98,F,2,1466666,ADP Hyderabad Toastmasters,Active,30,31,10,13,2,5,3,1,3,4,5,7,7,1,1,2,,05-04-21,TMI
98,F,2,4040445,CMC Hyderabad,Active,10,8,0,0,0,0,0,0,0,2,0,0,5,0,0,0,,05-04-21,TMI
98,F,2,5030861,Roots Toastmasters,Active,20,28,10,4,2,2,2,1,3,4,13,7,6,1,1,1,,05-04-21,TMI
98,F,3,2254770,Toastmasters at Novartis Hyderabad,Active,28,26,6,2,2,1,3,0,0,4,5,7,7,1,1,1,,05-04-21,TMI
98,F,3,5957707,SYF Hyderabad Toastmasters Club,Ineligible,0,0,0,0,0,0,0,0,0,0,0,0,0,0,0,0,,05-04-21,TMI
98,F,3,7318924,Statestreet Hyd Toastmasters Club,Active,30,30,1,0,0,0,0,0,0,2,0,7,7,0,1,0,,05-04-21,TMI
98,F,3,7432531,RMSI Hyderabad Toastmasters Club,Active,3,8,3,4,2,0,0,0,0,4,1,0,5,0,0,1,,05-04-21,TMI
98,F,4,3492833,Waltair Toastmasters Club,Active,14,20,7,5,2,1,1,1,0,4,8,6,6,0,1,1,,05-04-21,TMI
98,F,4,6943597,L&T Vizag Toastmasters Club,Active,29,25,8,3,2,2,2,1,2,4,2,7,7,1,1,2,,05-04-21,TMI
98,F,4,7402154,Pragati Toastmasters Club,Active,27,23,7,7,2,4,1,0,0,4,8,7,7,1,0,2,,05-04-21,TMI
98,F,4,7657911,Kiet Toastmasters Club,Active,20,20,5,5,2,2,0,0,0,0,0,6,7,0,1,1,,05-04-21,TMI
98,F,4,7825838,GITAM Toastmasters Club,Active,23,36,4,0,0,0,0,0,0,4,9,0,7,1,1,1,,05-04-21,TMI
98,G,1,991226,Vision Toastmasters (community Club),Active,26,30,9,6,2,3,3,1,2,4,5,7,5,1,1,0,,05-04-21,TMI
98,G,1,2097754,Oracle Hyderabad Toastmasters,Active,20,18,3,1,0,0,0,0,0,4,0,7,4,1,1,1,,05-04-21,TMI
98,G,1,7171974,HRDC Toastmasters,Active,21,15,5,2,2,2,2,0,0,2,0,4,4,1,1,2,,05-04-21,TMI
98,G,1,7722776,CKM Toastmasters,Active,21,8,1,0,0,0,0,0,0,2,0,7,1,1,1,2,,05-04-21,TMI
98,G,1,7865258,Modak Toastmasters Club,Active,20,19,1,0,0,0,0,0,0,0,0,0,0,1,1,1,,05-04-21,TMI
98,G,2,702390,Infosys Hyderabad Toastmasters Club (IHTMC),Active,7,10,1,0,0,0,0,0,0,3,0,7,4,1,0,0,,05-04-21,TMI
98,G,2,2247357,Virtusa Hyderabad Toastmasters Club,Active,20,15,1,3,0,0,0,0,0,0,0,5,4,1,0,0,,05-04-21,TMI
98,G,2,3216981,Toastmasters of Capgemini Hyderabad,Ineligible,10,0,2,0,0,0,1,1,1,0,0,0,0,0,0,0,,05-04-21,TMI
98,G,2,4486936,Hitachi Consulting Toastmasters Club,Active,14,15,6,2,2,0,1,1,1,4,2,7,5,1,0,2,,05-04-21,TMI
98,G,3,5906439,Nizampet Toastmasters,Active,25,29,8,5,2,0,2,1,2,4,2,5,4,1,1,1,,05-04-21,TMI
98,G,3,6557404,BVRIT Hyderabad TM Club,Active,25,20,5,5,0,0,1,0,0,4,4,7,5,1,1,2,,05-04-21,TMI
98,G,3,6563084,USP Orators,Active,21,21,3,3,1,0,0,1,2,4,0,2,4,1,1,0,,05-04-21,TMI
98,G,3,6945484,VJIM Toastmasters,Active,26,38,4,0,0,0,0,0,0,4,25,7,6,1,1,1,,05-04-21,TMI
98,G,3,7542047,BITS-H Toastmasters Club,Active,20,22,2,1,0,0,0,0,0,2,0,0,5,1,1,1,,05-04-21,TMI
98,G,4,1095031,Indian School of Business Toastmasters ,Active,38,47,2,0,0,0,0,0,0,4,7,4,0,1,0,0,,05-04-21,TMI
98,G,4,4637951,Xlrators-Miyapur,Active,20,25,8,12,2,1,3,1,3,4,3,7,7,1,1,1,,05-04-21,TMI
98,G,4,5442547,Persistent Hyderbad,Ineligible,3,0,0,0,0,0,0,0,0,0,0,0,0,0,0,0,,05-04-21,TMI
98,G,4,7074267,AVEVA Toastmasters Club,Active,25,25,4,0,0,0,0,0,0,4,7,7,4,1,1,1,,05-04-21,TMI
98,G,4,7160333,HITAM Toastmasters Club,Active,16,15,8,4,2,3,5,1,4,3,0,7,5,1,1,1,,05-04-21,TMI
98,H,1,3123809,Secunderabad Toastmasters,Active,21,38,10,12,2,4,5,1,7,4,17,7,7,1,1,1,,05-04-21,TMI
98,H,1,7440234,Cyient Toastmasters Club,Active,10,30,5,4,0,0,0,0,0,4,17,7,6,1,1,1,,05-04-21,TMI
98,H,1,7454302,Dilsukhnagar Toastmasters,Active,22,34,7,2,2,0,2,1,0,4,18,7,5,1,1,2,,05-04-21,TMI
98,H,1,7701907,TechnipFMC Toastmasters,Active,20,14,2,0,0,0,0,0,0,4,3,5,4,0,0,1,,05-04-21,TMI
98,H,2,1534632,TCS Maitree Synergy Park Toastmasters Club,Active,31,29,10,10,2,5,2,1,5,4,6,7,7,1,1,2,,05-04-21,TMI
98,H,2,6768787,Toastmasters@HighRadius,Active,4,11,8,5,2,0,2,1,1,4,3,5,5,1,1,1,,05-04-21,TMI
98,H,2,6886129,NGA Hyderabad Toastmasters Club,Active,13,22,8,2,2,0,2,1,1,4,11,7,5,1,1,1,,05-04-21,TMI
98,H,2,7537315,Zenith Toastmasters Club,Low,20,6,0,0,0,0,0,0,0,1,0,6,0,0,0,1,,05-04-21,TMI
98,H,2,7854456,Mehdipatnam Toastmasters Club,Active,24,24,2,0,0,0,0,0,0,0,0,0,7,1,1,1,,05-04-21,TMI
98,H,3,1036431,Deloitte Hyderabad Toastmasters Club,Active,21,27,9,7,2,3,2,1,0,4,9,7,7,1,1,2,,05-04-21,TMI
98,H,3,1937401,Golden Falcon Toastmasters,Active,38,48,10,14,2,10,7,1,7,4,18,7,7,1,1,2,,05-04-21,TMI
98,H,3,3543283,Quest-Qualcomm's Enlightened Speakers of Tomorrow,Active,13,13,3,4,0,0,0,0,0,4,1,4,0,1,0,1,,05-04-21,TMI
98,H,3,4799292,CDK Hyderabad Toastmasters Club,Active,16,21,7,4,1,0,4,1,1,4,2,7,4,1,0,1,,05-04-21,TMI
98,H,3,5488272,Eager Beaver's Toastmasters Club,Low,16,5,0,0,0,0,0,0,0,1,0,6,0,0,0,1,,05-04-21,TMI
98,H,4,6887490,Guntur Toastmasters Club,Active,15,29,10,5,2,3,2,1,3,4,16,7,7,1,1,2,,05-04-21,TMI
98,H,4,7160802,PSCMR Toastmasters Club,Active,22,21,8,11,2,6,4,1,9,2,0,7,5,1,1,2,,05-04-21,TMI
98,H,4,7326699,SVECW Speech Weavers Toastmasters,Active,26,35,8,10,2,2,2,0,0,4,7,7,7,1,1,2,,05-04-21,TMI
98,H,4,7327622,S.R.K.R. Toastmasters,Low,9,4,1,3,0,0,0,0,0,0,0,5,4,0,0,2,,05-04-21,TMI
98,H,4,7780796,KW's Silver Tongue Toastmasters Club,Active,20,29,7,5,2,2,0,0,0,4,5,7,7,0,1,1,,05-04-21,TMI
98,J,1,6062133,Diamond City Toastmasters Club,Active,23,28,7,3,2,2,2,0,0,4,9,7,7,1,1,2,,05-04-21,TMI
98,J,1,7164888,Mount Carmel Toastmasters Club,Active,26,25,9,5,2,2,2,1,3,4,1,7,7,1,1,1,,05-04-21,TMI
98,J,1,7782447,Dahej Orators Toastmasters Club,Active,12,12,5,6,2,1,0,1,0,2,0,7,7,1,0,2,,05-04-21,TMI
98,J,2,5689336,RG Speakers Toastmasters Club,Active,51,56,8,6,2,1,2,1,2,4,1,7,7,1,0,1,,05-04-21,TMI
98,J,2,7185923,RG Orators Toastmasters Club,Active,26,33,10,9,2,3,6,1,6,4,7,7,7,1,1,1,,05-04-21,TMI
98,J,2,7244872,RIL JMD Speakers Toastmasters Club,Active,21,37,7,4,2,2,0,0,0,4,11,7,7,1,0,1,,05-04-21,TMI
98,J,2,7594745,Jamnagar Toastmasters Club,Ineligible,0,0,0,0,0,0,0,0,0,0,0,0,0,0,0,0,,05-04-21,TMI
98,J,3,7169553,RG Doyens,Active,30,38,10,12,2,2,2,1,4,4,10,7,7,1,1,1,,05-04-21,TMI
98,J,3,7182855,RG KDAV Speakers Toastmasters Club,Active,20,19,9,5,2,2,4,1,10,4,2,7,7,1,0,1,,05-04-21,TMI
98,J,3,7403659,Rajkot Toastmasters Club,Active,13,15,6,3,2,2,4,0,0,4,1,7,7,1,1,1,,05-04-21,TMI
98,M,1,1246728,Mulund Toastmasters Club,Active,72,76,10,13,2,5,6,1,4,4,19,7,7,1,1,2,,05-04-21,TMI
98,M,1,6881120,UBS Mumbai Toastmasters Club,Active,25,24,4,1,1,0,1,0,0,4,8,7,7,1,1,1,,05-04-21,TMI
98,M,1,7753761,Speakathon Kalwa Toastmasters,Active,24,23,3,8,0,0,0,0,0,3,0,7,4,1,1,1,,05-04-21,TMI
98,M,1,7861024,Readers and Debaters Toastmasters Club,Active,20,13,3,0,0,0,0,1,0,0,0,0,7,1,1,1,,05-04-21,TMI
98,M,2,4899367,RIL Toastmasters Club,Active,81,84,10,12,2,6,5,1,4,4,11,7,7,1,1,1,,05-04-21,TMI
98,M,2,5748839,Somaiya Toastmasters Club,Active,8,28,8,5,2,1,3,1,0,4,20,5,7,1,1,2,,05-04-21,TMI
98,M,2,6770016,Palava Toastmasters Club,Active,23,31,10,8,2,3,3,1,4,4,9,7,7,1,1,1,,05-04-21,TMI
98,M,2,7289546,Expedition Toastmasters Mumbai,Active,11,15,3,2,0,0,0,0,0,4,2,7,5,1,1,1,,05-04-21,TMI
98,M,3,2017422,Thane Toastmasters Club,Active,49,52,10,11,2,2,2,1,3,4,17,7,7,1,1,2,,05-04-21,TMI
98,M,3,3301510,AEMA Toastmasters,Suspended,0,0,0,0,0,0,0,0,0,0,0,0,0,0,0,0,,05-04-21,TMI
98,M,3,6592002,Ghodbunder Toastmasters Club,Active,43,55,10,14,2,6,7,1,5,4,19,6,6,1,1,2,,05-04-21,TMI
98,M,3,7571457,GEP Toastmasters Club,Active,31,36,5,3,1,0,1,1,0,4,12,7,5,1,1,2,,05-04-21,TMI
98,M,3,7798485,Airoli Bilingual Toastmasters Club,Active,20,22,6,2,2,2,2,1,0,2,0,7,4,1,1,1,,05-04-21,TMI
98,M,3,7849406,Worley India Toastmasters Harmony,Active,35,35,2,0,0,0,0,0,0,0,0,0,6,1,1,1,,05-04-21,TMI
98,M,4,2380536,Agnel Toastmasters Club,Active,40,42,10,6,2,2,2,1,6,4,22,7,7,1,1,1,,05-04-21,TMI
98,M,4,5116082,Capgemini Mumbai Toastmasters Club,Active,33,28,8,6,2,1,2,1,2,4,0,7,5,1,1,2,,05-04-21,TMI
98,M,4,7065737,WNS Mumbai,Suspended,0,0,0,0,0,0,0,0,0,0,0,0,0,0,0,0,,05-04-21,TMI
98,M,4,7106853,MTC Advanced Club,Ineligible,8,0,0,0,0,0,0,0,0,0,0,2,0,0,0,1,,05-04-21,TMI
98,M,5,6651953,Mastek Toastmasters Club,Active,19,11,0,0,1,0,0,0,0,2,0,5,0,0,0,1,,05-04-21,TMI
98,M,5,7231185,Kharghar Toastmasters Club,Active,31,45,10,8,2,6,5,1,2,4,17,7,7,1,1,1,,05-04-21,TMI
98,M,5,7697954,Majesco Mahape,Ineligible,22,0,0,0,0,0,0,0,0,0,0,0,0,0,0,0,,05-04-21,TMI
98,M,5,7763127,NMD Toastmasters Club,Active,44,41,2,0,0,0,0,0,0,0,0,7,4,1,1,1,,05-04-21,TMI
98,M,5,7842156,Worley India Toastmasters Synergy,Active,35,41,8,4,2,1,2,1,1,4,2,0,7,1,1,1,,05-04-21,TMI
98,M,5,7849707,Speakers Community Toastmasters Club,Active,21,23,2,0,0,0,0,0,0,2,0,0,7,1,1,1,,05-04-21,TMI
98,N,1,992223,Raisoni Institute's Diamond Toastmasters Club,Active,8,17,10,7,2,2,4,1,4,4,5,5,5,1,1,2,,05-04-21,TMI
98,N,1,5757009,IIM Nagpur Toastmasters Club,Active,8,42,5,4,0,0,0,1,0,4,34,4,1,1,0,1,,05-04-21,TMI
98,N,1,5893739,TCS Nagpur Toastmasters Club,Active,21,26,9,11,2,2,1,1,5,4,9,7,7,1,1,1,,05-04-21,TMI
98,N,1,7735020,Loyal Toastmasters Club,Active,19,21,7,5,2,0,2,0,0,4,7,4,4,1,1,1,,05-04-21,TMI
98,N,2,992337,Raisoni Institute's Emerald Toastmasters Club,Active,8,17,10,12,2,8,10,1,3,4,7,4,5,1,1,2,,05-04-21,TMI
98,N,2,5762025,IMT Nagpur Toastmasters Club,Active,8,14,4,3,0,0,0,0,0,4,6,4,7,1,1,1,,05-04-21,TMI
98,N,2,7073592,Gurukul.Education Toastmasters Club,Active,16,23,10,6,2,2,2,1,1,4,4,7,5,1,1,1,,05-04-21,TMI
98,N,2,7811085,InfoCepts Toastmasters Club,Active,21,28,5,3,2,0,1,1,0,4,2,6,4,1,1,1,,05-04-21,TMI
98,N,3,3531688,Nagpur Toastmasters Club,Active,23,28,9,4,2,3,2,1,0,4,6,7,5,1,1,1,,05-04-21,TMI
98,N,3,7289583,BRIO Toastmasters Club,Active,8,21,7,12,2,3,0,0,0,4,14,6,6,1,1,2,,05-04-21,TMI
98,N,3,7447795,Toastmasters @ Persistent Nagpur,Low,10,4,0,0,0,0,0,0,0,0,0,4,0,0,0,1,,05-04-21,TMI
98,N,3,7825941,YCCE Verbalisers Toastmasters Club,Active,20,20,1,0,0,0,0,0,0,0,0,0,0,1,1,1,,05-04-21,TMI
98,N,4,5742286,Provakta Toastmasters Club of IIM Raipur,Active,8,21,4,3,1,0,0,0,0,4,14,7,7,1,1,1,,05-04-21,TMI
98,N,4,7185394,SSIPMT Spellbinders,Active,26,29,9,7,2,2,6,1,8,4,3,7,7,1,1,2,,05-04-21,TMI
98,N,4,7429657,Rungta Toastmasters Club,Active,3,11,4,1,1,0,1,1,1,4,4,4,1,1,0,0,,05-04-21,TMI
98,O,1,6539289,UBS Pune Toastmasters Club,Active,25,24,3,2,0,0,1,1,0,4,0,5,2,1,1,1,,05-04-21,TMI
98,O,1,6592020,Deutsche Bank Pune Toastmasters Club,Active,20,11,2,1,0,0,0,0,0,3,0,7,4,1,0,1,,05-04-21,TMI
98,O,1,7448369,Toastmasters for Pune Entrepreneurs 2.0,Active,29,27,9,5,2,2,4,1,1,4,3,7,7,1,1,2,,05-04-21,TMI
98,O,2,2571105,Opulent Toastmasters Club Of Pune Camp,Active,33,21,9,5,2,2,1,1,1,4,5,7,7,1,1,2,,05-04-21,TMI
98,O,2,5404212,CDK Pune Toastmasters,Ineligible,0,0,0,0,0,0,0,0,0,0,0,0,0,0,0,0,,05-04-21,TMI
98,O,2,6716037,Aurangabad Toastmasters,Active,21,21,5,5,0,0,1,0,0,4,5,7,6,1,1,2,,05-04-21,TMI
98,O,2,7757012,Toastmasters Club of BMC Software Customer Success,Active,29,32,6,8,2,1,1,1,0,4,3,4,7,1,1,2,,05-04-21,TMI
98,O,2,7870960,Mastering Leadership TMC,Active,25,25,1,0,0,0,0,0,0,0,0,0,0,1,1,1,,05-04-21,TMI
98,O,3,1764192,The Orators Toastmasters Club,Ineligible,1,0,0,0,0,0,0,0,0,0,0,1,0,0,0,0,,05-04-21,TMI
98,O,3,5027867,Tieto Toastmasters Club,Active,31,25,7,5,2,3,2,1,0,1,0,7,7,1,1,2,,05-04-21,TMI
98,O,3,6642875,Toastmasters Club of Pune South,Active,20,28,10,5,2,2,2,1,4,4,11,7,7,1,1,2,,05-04-21,TMI
98,O,3,6885728,SgAs Toastmasters Club,Active,16,20,4,0,0,0,0,0,0,4,5,7,5,1,0,2,,05-04-21,TMI
98,O,3,7215018,Schlumberger Toastmasters Club of Pune,Ineligible,0,0,0,0,0,0,0,0,0,0,0,0,0,0,0,0,,05-04-21,TMI
98,O,3,7860776,Cadence Sparkling Toastmasters Club,Active,20,22,1,0,0,0,0,0,0,0,0,0,0,1,1,1,,05-04-21,TMI
98,O,4,2150212,TSYS Pune Toastmasters Club,Active,8,12,4,1,0,0,1,1,0,4,1,7,4,1,1,2,,05-04-21,TMI
98,O,4,2973814,Toastmasters Club of Pune - North East,Active,32,34,10,11,2,7,2,1,2,4,14,7,6,1,1,2,,05-04-21,TMI
98,O,4,3700901,Toastmasters Club of BMC Software,Active,22,20,8,2,2,3,3,1,2,4,3,7,7,1,1,2,,05-04-21,TMI
98,O,4,6783455,BNY Mellon - Pune Commerzone,Active,20,25,4,1,0,0,0,0,0,4,11,7,6,1,1,2,,05-04-21,TMI
98,O,4,7850062,STL Toastmaster Club,Active,24,24,2,0,0,0,0,0,0,0,0,0,5,1,1,1,,05-04-21,TMI
98,P,1,1141787,Toastmasters Club of Pune,Active,49,58,10,21,2,14,8,1,15,4,20,7,7,1,1,2,,05-04-21,TMI
98,P,1,5979643,e-Zest Toastmasters Club,Active,20,19,7,4,2,2,0,1,1,3,0,5,4,1,1,2,,05-04-21,TMI
98,P,1,6879034,Adient Toastmasters Club of Pune,Ineligible,0,0,0,0,0,0,0,0,0,0,0,0,0,0,0,0,,05-04-21,TMI
98,P,1,7470706,Pune Marathi Toastmasters Club,Active,14,21,10,5,2,3,4,1,3,4,5,7,4,1,1,2,,05-04-21,TMI
98,P,1,7870821,Druva Toastmasters Club,Active,32,32,1,0,0,0,0,0,0,0,0,0,0,1,1,1,,05-04-21,TMI
98,P,2,1534609,Toastmasters Club of Pune-West,Active,32,37,10,12,2,6,5,1,4,4,19,7,7,1,1,2,,05-04-21,TMI
98,P,2,5970302,Cummins Pune Toastmasters Club,Active,17,17,8,4,2,1,3,1,1,4,1,7,4,1,1,1,,05-04-21,TMI
98,P,2,6643694,Persistent Pune ArPg Toastmasters,Ineligible,0,0,0,0,0,0,0,0,0,0,0,0,0,0,0,0,,05-04-21,TMI
98,P,2,6974223,Sinhgad Toastmasters Club,Active,27,29,10,11,2,5,2,1,1,4,10,7,7,1,1,2,,05-04-21,TMI
98,P,3,2541278,Toastmasters Club Of Pune-Central,Active,20,25,10,6,2,4,4,1,9,4,7,7,7,1,1,2,,05-04-21,TMI
98,P,3,5922621,Mindtree Pune Toastmasters Club,Ineligible,0,0,0,0,0,0,0,0,0,0,0,0,0,0,0,0,,05-04-21,TMI
98,P,3,6643699,Persistent Pune Hinjewadi Toastmasters,Active,10,9,4,2,1,0,2,1,3,3,0,7,5,0,0,1,,05-04-21,TMI
98,P,3,7669989,CRISIL Pune Toastmasters Club,Active,32,17,3,0,0,0,0,0,0,4,9,7,0,1,0,1,,05-04-21,TMI
98,P,3,7771017,Fintree Toastmasters Club For Finance Professionals,Active,24,20,9,6,2,3,3,1,3,4,1,7,4,1,1,2,,05-04-21,TMI
98,P,3,7811400,Rainbow Toastmasters Club,Active,25,32,6,6,1,0,1,1,2,4,3,0,5,1,1,1,,05-04-21,TMI
98,P,4,5294613,Pune Advanced Toastmasters Club,Active,25,30,10,8,2,5,3,1,6,4,4,7,7,1,1,1,,05-04-21,TMI
98,P,4,5820914,Accenture Pune Toastmasters Club,Active,9,9,7,3,2,4,1,1,1,4,2,6,5,1,1,2,,05-04-21,TMI
98,P,4,6941712,Toastmasters Club of Nashik,Active,23,26,8,8,2,1,1,1,1,4,10,7,6,1,1,2,,05-04-21,TMI
98,P,4,7434850,Atlas Copco Gecia Toastmasters Club,Active,22,26,4,1,2,1,0,0,0,4,2,7,7,1,1,2,,05-04-21,TMI
98,P,5,5163301,Deccan Toastmasters Club,Active,52,51,10,14,2,9,7,1,3,4,7,7,7,1,1,2,,05-04-21,TMI
98,P,5,6641278,3DS Pune Toastmasters Club,Active,20,26,10,9,2,5,3,1,2,4,8,7,7,1,1,1,,05-04-21,TMI
98,P,5,7401244,Katerra Toastmasters Club of Pune,Ineligible,7,0,0,0,0,0,0,0,0,0,0,2,0,0,0,1,,05-04-21,TMI
98,P,5,7711836,Cisco Eloquence Toastmasters Club,Active,14,11,2,3,0,0,0,0,0,2,0,7,4,1,1,1,,05-04-21,TMI
98,P,5,7798218,Toastmasters for Pune Entrepreneurs 3.0,Active,20,27,10,9,2,2,3,1,3,4,8,7,7,1,1,1,,05-04-21,TMI
98,S,1,5843297,Mahindra Worli Toastmasters,Ineligible,9,1,3,1,2,0,1,1,1,0,0,5,0,0,0,1,,05-04-21,TMI
98,S,1,7065798,Sobo Toastmasters,Active,32,38,6,3,2,0,2,0,0,4,4,7,7,1,1,1,,05-04-21,TMI
98,S,1,7675957,SBI Corporate Centre Toastmasters Club,Ineligible,0,0,0,0,0,0,0,0,0,0,0,0,0,0,0,0,,05-04-21,TMI
98,S,1,7702926,Transunion Mumbai Toastmasters,Ineligible,20,0,0,0,0,0,0,0,0,0,0,5,0,0,0,1,,05-04-21,TMI
98,S,1,7774241,Evergreen Toastmasters Club,Active,21,21,2,0,0,0,0,0,0,0,0,0,4,1,0,1,,05-04-21,TMI
98,S,1,7874066,All Elite Advanced Toastmasters Club,Active,20,19,1,0,0,0,0,0,0,1,0,0,0,1,1,1,,05-04-21,TMI
98,S,2,993448,Mumbai Toastmasters,Active,84,89,10,12,2,8,4,1,3,4,46,7,7,1,1,2,,05-04-21,TMI
98,S,2,7290320,UPL Toastmasters Club,Active,8,12,7,4,2,2,2,0,0,4,2,7,5,1,1,1,,05-04-21,TMI
98,S,2,7655880,GIA Toastmaster - India,Active,24,24,2,2,0,0,0,0,0,0,0,7,4,1,0,1,,05-04-21,TMI
98,S,2,7700494,CIPLA Toastmasters,Active,21,27,5,4,0,0,1,0,0,4,13,7,7,1,1,1,,05-04-21,TMI
98,S,3,3217489,DADAR Toastmasters Club,Active,23,27,10,9,2,6,3,1,4,4,8,7,7,1,1,1,,05-04-21,TMI
98,S,3,5105254,Stellar Toastmasters Club,Active,13,13,8,6,2,3,4,1,4,3,0,4,4,1,1,1,,05-04-21,TMI
98,S,3,7709516,Acuris Mumbai Toastmasters,Low,61,4,2,0,0,0,0,0,0,4,7,7,0,0,0,1,,05-04-21,TMI
98,S,3,7828863,Toastmasters United,Active,20,20,6,2,2,0,2,1,2,0,0,0,7,1,1,1,,05-04-21,TMI
98,S,3,7829534,Toastmasters Club For Mumbai CAs,Active,21,22,2,1,0,0,0,0,0,1,0,0,4,1,1,1,,05-04-21,TMI
98,S,3,7861075,Hindalco Toastmasters Club,Active,43,43,1,0,0,0,0,0,0,0,0,0,0,1,1,1,,05-04-21,TMI
98,S,4,616631,TCS Maitree Toastmasters Club,Active,72,68,10,14,2,5,2,1,3,4,39,7,7,1,1,2,,05-04-21,TMI
98,S,4,6886479,BKC Fireflies Toastmasters,Active,17,25,5,2,2,1,1,0,0,4,7,7,5,1,1,1,,05-04-21,TMI
98,S,4,6926213,CGI Mumbai,Ineligible,9,0,0,0,1,0,0,0,0,0,0,2,0,0,0,1,,05-04-21,TMI
98,S,4,7749915,"L&T Toastmasters Club, Powai Chapter",Active,26,27,4,6,2,0,0,0,0,1,0,7,7,1,1,2,,05-04-21,TMI
98,S,4,7833944,Marico Toastmasters,Active,35,35,2,0,0,0,0,0,0,0,0,0,7,1,1,1,,05-04-21,TMI
98,S,5,6778709,HUL - R&D,Ineligible,0,0,0,0,0,0,0,0,0,0,0,0,0,0,0,0,,05-04-21,TMI
98,S,5,7434194,UltraTech Toastmasters Club,Active,20,9,2,3,0,0,0,0,0,2,0,7,4,1,1,1,,05-04-21,TMI
98,S,5,7549134,Andheri Orators Toastmasters,Active,20,36,10,15,2,12,4,1,5,4,18,7,7,1,1,1,,05-04-21,TMI
98,S,5,7677706,Santacruz Speakers Toastmasters Club,Active,22,25,10,9,2,4,4,1,4,4,5,7,7,1,1,1,,05-04-21,TMI
98,S,5,7807819,The Talking Tree,Active,26,26,2,0,0,0,0,0,0,0,0,0,5,1,1,1,,05-04-21,TMI
98,W,1,1214543,GOA YMCA Toastmasters Club,Active,17,13,2,0,0,0,0,0,0,0,0,7,7,1,1,1,,05-04-21,TMI
98,W,1,4361333,Mapusa Toastmasters,Active,14,16,8,4,2,0,2,1,3,4,2,7,7,1,1,1,,05-04-21,TMI
98,W,1,6941455,Tangentia Toastmasters,Active,8,23,5,4,2,0,0,0,0,4,15,7,6,1,1,0,,05-04-21,TMI
98,W,1,7441712,Siemens Goa Toastmasters Club,Active,20,15,5,4,2,0,0,0,0,4,1,6,7,1,1,1,,05-04-21,TMI
98,W,1,7783728,Ponda Toastmasters Club,Active,20,12,2,0,0,0,0,0,0,2,0,0,7,1,1,1,,05-04-21,TMI
98,W,2,2575847,Toastmasters International Margao,Active,20,13,5,2,2,0,4,1,2,1,0,7,2,1,1,1,,05-04-21,TMI
98,W,2,3214306,International Centre GOA (ICG) Toastmasters Club,Active,28,38,10,10,2,4,3,1,2,4,12,7,7,1,1,1,,05-04-21,TMI
98,W,2,6656843,Ana Fonte Toastmasters Club,Active,20,21,5,4,2,0,0,0,0,4,3,7,4,1,1,1,,05-04-21,TMI
98,W,2,7708785,Teva Goa Toastmasters Club,Active,22,8,2,2,0,0,0,0,0,0,0,7,4,1,0,1,,05-04-21,TMI
98,W,2,7783722,Vasco Toastmasters Club,Active,20,25,4,4,1,0,0,0,0,4,2,7,7,1,1,1,,05-04-21,TMI
98,W,3,5094604,Citi eXpressions Toastmasters Club,Active,21,16,4,3,2,0,0,0,0,4,0,7,4,1,0,2,,05-04-21,TMI
98,W,3,6090346,Toastmasters Club of Allscripts Pune,Active,13,18,8,6,2,0,4,1,4,4,3,7,7,1,1,2,,05-04-21,TMI
98,W,3,7084394,Impressions Toastmasters,Active,13,23,4,0,0,0,0,0,0,4,9,7,5,1,1,2,,05-04-21,TMI
98,W,3,7300474,Kharadi Toastmasters Club,Active,36,31,10,5,2,6,4,1,3,4,7,7,7,1,1,2,,05-04-21,TMI
98,W,4,1114159,Eaton Toastmasters Club,Active,11,15,6,2,2,0,1,1,0,4,5,5,7,1,1,2,,05-04-21,TMI
98,W,4,6746425,NT India Pune Toastmasters Club,Active,10,21,4,3,1,0,0,0,0,4,11,5,7,1,1,2,,05-04-21,TMI
98,W,4,7166870,PTC Marisoft Toastmasters Club,Active,16,20,5,2,2,1,1,0,0,4,4,7,7,1,1,2,,05-04-21,TMI
98,W,4,7616576,Majesco Pune Toastmasters Club,Ineligible,12,0,0,0,0,0,0,0,0,0,0,2,0,0,0,1,,05-04-21,TMI
98,W,4,7856700,EHI Toastmasters Club,Active,24,24,2,0,0,0,0,0,0,0,0,0,7,1,1,1,,05-04-21,TMI
Month of Mar, As of 04/04/2021,,,,,,,,,,,,,,,,,,,,,,,
